{
  "project_info": {
    "project_number": "495226110888",
    "project_id": "chitchat-830de",
    "storage_bucket": "chitchat-830de.firebasestorage.app"
  },
  "client": [
    {
      "client_info": {
        "mobilesdk_app_id": "1:495226110888:android:3026159f3aebb8cf1c939d",
        "android_client_info": {
          "package_name": "com.example.chitchat"
        }
      },
      "oauth_client": [],
      "api_key": [
        {
          "current_key": "AIzaSyAkLP9i-oJ5a7Ck7Q4oO9T26FXVD2Sa7FA"
        }
      ],
      "services": {
        "appinvite_service": {
          "other_platform_oauth_client": []
        }
      }
    }
  ],
  "configuration_version": "1"
}